country_name,country_code,birth_rate,region,death_rate,education_expenditures,happiness_score,whisker-high,whisker-low,dystopia(1.83)+residual,GDP_per_capita,social_support,healthy_life_expectancy,freedom_to_make_life_choices,generosity,perceptions_of_corruption,median_age,population,population_growth_rate,unemployment_rate
Aruba,AW,11.82,Central America and the Caribbean,8.62,5.5,,,,,,,,,,,39.9,"122,320",1.14,7.7
Afghanistan,AF,35.46,South Asia,12.33,2.9,"2,404","2,469","2,339","1,263","0,758","0,000","0,289","0,000","0,089","0,005",19.5,"38,346,720",2.3,23.9
Angola,AO,41.8,Africa,8.01,2.4,,,,,,,,,,,15.9,"34,795,287",3.36,6.6
Anguilla,AI,12.01,Central America and the Caribbean,4.64,4.0,,,,,,,,,,,35.7,"18,741",1.8,8.0
Åland Islands,AX,,,,,,,,,,,,,,,,,,
Albania,AL,12.69,Europe,7.31,3.1,"5,199","5,321","5,076","1,718","1,439","0,646","0,719","0,511","0,138","0,028",34.3,"3,095,344",0.22,5.83
Andorra,AD,6.88,Europe,7.92,2.9,,,,,,,,,,,46.2,"85,560",-0.1,3.7
United Arab Emirates,AE,10.81,Middle East,1.56,3.9,"6,576","6,660","6,492","1,809","1,998","0,980","0,633","0,702","0,204","0,250",38.4,"9,915,803",0.58,1.6
Argentina,AR,15.58,South America,7.32,5.0,"5,967","6,090","5,844","1,891","1,592","1,102","0,662","0,555","0,081","0,085",32.4,"46,245,668",0.82,9.84
Armenia,AM,11.1,Middle East,9.51,2.8,"5,399","5,519","5,278","1,654","1,434","0,820","0,668","0,558","0,054","0,210",36.6,"3,000,756",-0.38,18.9
American Samoa,AS,16.7,Australia and Oceania,6.1,,,,,,,,,,,,27.2,"45,443",-1.92,29.8
Antarctica,AQ,,,,,,,,,,,,,,,,,,
French Southern Territories,TF,,,,,,,,,,,,,,,,,,
Antigua and Barbuda,AG,15.16,Central America and the Caribbean,5.65,3.8,,,,,,,,,,,32.7,"100,335",1.15,11.0
Australia,AU,12.3,Australia and Oceania,6.77,6.1,"7,162","7,244","7,081","2,011","1,900","1,203","0,772","0,676","0,258","0,341",37.5,"26,141,369",1.25,5.16
Austria,AT,9.45,Europe,9.85,5.1,"7,163","7,237","7,089","2,148","1,931","1,165","0,774","0,623","0,193","0,329",44.5,"8,913,088",0.32,7.35
Azerbaijan,AZ,13.59,Middle East,6.92,4.3,,,,,,,,,,,32.6,"10,353,296",0.67,5.0
Burundi,BI,35.17,Africa,5.96,5.0,,,,,,,,,,,17.7,"12,696,478",3.63,
Belgium,BE,10.95,Europe,9.64,6.7,"6,805","6,890","6,720","2,283","1,907","1,106","0,764","0,492","0,049","0,204",41.6,"11,847,338",0.57,5.36
Benin,BJ,41.15,Africa,8.01,3.0,"4,623","4,754","4,492","2,458","0,932","0,064","0,335","0,479","0,127","0,230",17.0,"13,754,688",3.34,1.0
"Bonaire, Sint Eustatius and Saba",BQ,,,,,,,,,,,,,,,,,,
Burkina Faso,BF,33.57,Africa,7.71,5.5,"4,670","4,814","4,527","2,313","0,779","0,565","0,320","0,382","0,186","0,126",17.9,"21,935,389",2.53,77.0
Bangladesh,BD,17.69,South Asia,5.47,2.1,"5,155","5,262","5,049","1,967","1,060","0,614","0,581","0,622","0,125","0,187",27.9,"165,650,475",0.93,4.4
Bulgaria,BG,8.05,Europe,14.41,4.0,"5,371","5,485","5,257","1,235","1,625","1,163","0,640","0,563","0,123","0,021",43.7,"6,873,253",-0.67,5.66
Bahrain,BH,12.4,Middle East,2.82,2.2,"6,647","6,779","6,514","2,092","1,854","1,029","0,625","0,693","0,199","0,155",32.9,"1,540,558",0.88,3.6
Bahamas,BS,,,,,,,,,,,,,,,,,,
Bosnia and Herzegovina,BA,8.41,Europe,10.26,,"5,768","5,877","5,659","1,869","1,468","1,068","0,665","0,448","0,244","0,006",43.3,"3,816,459",-0.22,33.28
Saint Barthélemy,BL,,,,,,,,,,,,,,,,,,
Belarus,BY,9.08,Europe,12.88,4.7,,,,,,,,,,,40.9,"9,413,505",-0.31,0.8
Belize,BZ,21.28,Central America and the Caribbean,3.94,8.7,,,,,,,,,,,23.9,"412,387",1.64,9.0
Bermuda,BM,11.03,North America,9.11,1.9,,,,,,,,,,,43.6,"72,337",0.34,7.0
"Bolivia, Plurinational State of",BO,,,,,,,,,,,,,,,,,,
Brazil,BR,13.96,South America,6.81,6.0,"6,293","6,384","6,202","2,361","1,462","1,044","0,615","0,546","0,131","0,134",33.2,"217,240,060",0.7,11.93
Barbados,BB,10.83,Central America and the Caribbean,7.96,6.5,,,,,,,,,,,39.5,"302,674",0.26,10.1
Brunei Darussalam,BN,,,,,,,,,,,,,,,,,,
Bhutan,BT,15.94,South Asia,6.22,7.0,,,,,,,,,,,29.1,"867,775",0.97,3.2
Bouvet Island,BV,,,,,,,,,,,,,,,,,,
Botswana,BW,20.28,Africa,9.05,8.7,,,,,,,,,,,25.7,"2,384,246",1.4,20.0
Central African Republic,CF,32.79,Africa,11.76,2.2,,,,,,,,,,,20.0,"5,454,533",1.78,6.9
Canada,CA,10.17,North America,8.12,5.2,"7,025","7,107","6,943","1,924","1,886","1,188","0,783","0,659","0,217","0,368",41.8,"38,232,593",0.75,5.67
Cocos (Keeling) Islands,CC,,,8.89,,,,,,,,,,,,,596,,0.1
Switzerland,CH,10.36,Europe,8.4,5.2,"7,512","7,586","7,437","2,153","2,026","1,226","0,822","0,677","0,147","0,461",42.7,"8,508,698",0.65,2.31
Chile,CL,12.75,South America,6.52,5.6,"6,172","6,262","6,082","2,040","1,651","1,080","0,748","0,460","0,124","0,069",35.5,"18,430,408",0.66,7.22
China,CN,9.93,East and Southeast Asia,7.9,3.6,"5,585","5,650","5,520","1,516","1,508","0,958","0,705","0,656","0,099","0,142",38.4,"1,410,539,758",0.19,3.64
Côte d'Ivoire,CI,,,,,,,,,,,,,,,,,,
Cameroon,CM,35.53,Africa,7.73,3.2,"5,048","5,188","4,907","2,469","0,968","0,672","0,317","0,397","0,152","0,074",18.5,"29,321,637",2.75,4.3
"Congo, The Democratic Republic of the",CD,,,,,,,,,,,,,,,,,,
Congo,CG,,,,,"5,075","5,235","4,915","2,658","0,950","0,405","0,355","0,431","0,130","0,146",,,,
Cook Islands,CK,12.55,Australia and Oceania,9.1,4.6,,,,,,,,,,,38.3,"8,128",-2.39,13.1
Colombia,CO,15.21,South America,7.73,4.9,"5,781","5,903","5,659","1,971","1,452","0,929","0,720","0,545","0,087","0,077",31.2,"49,059,221",0.59,10.5
Comoros,KM,22.52,Africa,6.55,2.6,,,,,,,,,,,20.9,"876,437",1.37,6.5
Cabo Verde,CV,18.49,Africa,5.8,7.6,,,,,,,,,,,26.8,"596,707",1.21,9.0
Costa Rica,CR,14.28,Central America and the Caribbean,4.91,6.7,"6,582","6,683","6,481","2,346","1,584","1,054","0,744","0,661","0,089","0,102",32.6,"5,204,411",1.01,8.1
Cuba,CU,10.11,Central America and the Caribbean,9.29,,,,,,,,,,,,42.1,"11,008,112",-0.21,2.6
Curaçao,CW,,,,,,,,,,,,,,,,,,
Christmas Island,CX,,,,,,,,,,,,,,,,"2,205",1.11,
Cayman Islands,KY,11.69,Central America and the Caribbean,5.97,2.1,,,,,,,,,,,40.5,"64,309",1.83,4.0
Cyprus,CY,10.57,Europe,6.94,6.1,"6,221","6,320","6,122","2,044","1,815","0,909","0,819","0,448","0,123","0,062",37.9,"1,295,102",1.06,7.07
Czechia,CZ,8.59,Europe,10.74,5.1,"6,920","7,029","6,811","2,263","1,815","1,260","0,715","0,660","0,158","0,048",43.3,"10,705,384",0.02,2.8
Germany,DE,9.08,Europe,11.98,4.7,"7,034","7,122","6,947","2,142","1,924","1,088","0,776","0,585","0,163","0,358",47.8,"84,316,622",-0.11,4.98
Djibouti,DJ,22.25,Africa,7.12,3.6,,,,,,,,,,,24.9,"957,273",1.97,40.0
Dominica,DM,13.91,Central America and the Caribbean,8.11,5.5,,,,,,,,,,,34.9,"74,629",0.05,23.0
Denmark,DK,11.22,Europe,9.52,6.4,"7,636","7,710","7,563","2,226","1,953","1,243","0,777","0,719","0,188","0,532",42.0,"5,920,767",0.44,3.05
Dominican Republic,DO,18.03,Central America and the Caribbean,6.29,4.6,"5,737","5,873","5,601","1,751","1,538","1,003","0,577","0,606","0,084","0,179",27.9,"10,694,700",0.91,5.1
Algeria,DZ,18.52,Africa,4.32,7.0,"5,122","5,215","5,030","1,744","1,363","0,970","0,643","0,146","0,106","0,150",28.9,"44,178,884",1.34,11.7
Ecuador,EC,16.45,South America,5.17,3.7,"5,533","5,653","5,414","1,866","1,352","0,879","0,708","0,565","0,080","0,083",28.8,"17,289,554",1.13,5.71
Egypt,EG,21.46,Africa,4.32,2.5,"4,288","4,377","4,198","0,856","1,388","0,732","0,548","0,469","0,041","0,254",24.1,"107,770,524",1.68,7.86
Eritrea,ER,27.04,Africa,6.69,,,,,,,,,,,,20.3,"6,209,262",1.03,5.8
Western Sahara,EH,,,,,,,,,,,,,,,,,,
Spain,ES,7.13,Europe,10.22,4.6,"6,476","6,560","6,392","1,893","1,808","1,211","0,808","0,505","0,101","0,149",43.9,"47,163,418",0.13,14.13
Estonia,EE,8.75,Europe,13.1,6.6,"6,341","6,415","6,266","1,442","1,793","1,232","0,728","0,689","0,123","0,333",43.7,"1,211,524",-0.71,4.94
Ethiopia,ET,30.49,Africa,5.7,4.5,"4,241","4,365","4,118","1,375","0,788","0,809","0,457","0,472","0,205","0,136",19.8,"113,656,596",2.46,17.5
Finland,FI,10.42,Europe,10.35,5.9,"7,821","7,886","7,756","2,518","1,892","1,258","0,775","0,736","0,109","0,534",42.8,"5,601,547",0.24,6.63
Fiji,FJ,16.56,Australia and Oceania,6.37,5.7,,,,,,,,,,,29.9,"943,737",0.44,4.5
Falkland Islands (Malvinas),FK,,,,,,,,,,,,,,,,,,
France,FR,11.66,Europe,9.54,5.5,"6,687","6,758","6,615","1,895","1,863","1,219","0,808","0,567","0,070","0,266",41.7,"68,305,148",0.32,8.12
Faroe Islands,FO,14.94,Europe,8.63,7.6,,,,,,,,,,,37.2,"52,269",0.63,2.2
"Micronesia, Federated States of",FM,18.39,Australia and Oceania,4.19,9.7,,,,,,,,,,,26.3,"101,009",-0.67,16.2
Gabon,GA,26.03,Africa,5.67,3.2,"4,958","5,091","4,826","1,892","1,459","0,738","0,396","0,343","0,032","0,099",21.0,"2,340,613",2.4,28.0
United Kingdom,GB,10.79,Europe,9.07,5.5,"6,943","7,018","6,867","1,967","1,867","1,143","0,750","0,597","0,289","0,329",40.6,"67,791,400",0.53,3.17
Georgia,GE,11.0,Middle East,10.8,3.6,"4,973","5,079","4,867","1,583","1,467","0,612","0,595","0,508","0,000","0,208",38.6,"4,935,518",0.03,11.8
Guernsey,GG,9.75,Europe,9.17,,,,,,,,,,,,44.3,"67,491",0.23,1.2
Ghana,GH,28.55,Africa,6.14,3.9,"4,872","4,999","4,745","1,972","1,112","0,595","0,409","0,500","0,230","0,056",21.4,"33,107,275",2.23,11.9
Gibraltar,GI,13.93,Europe,8.76,,,,,,,,,,,,35.5,"29,573",0.19,1.0
Guinea,GN,35.67,Africa,8.12,2.2,"4,891","5,028","4,753","2,538","0,848","0,566","0,275","0,334","0,214","0,116",19.1,"13,237,832",2.76,2.7
Guadeloupe,GP,,,,,,,,,,,,,,,,,,
Gambia,GM,,,,,,,,,,,,,,,,,,
Guinea-Bissau,GW,36.45,Africa,7.5,2.7,,,,,,,,,,,18.0,"2,026,778",2.53,
Equatorial Guinea,GQ,29.95,Africa,8.95,,,,,,,,,,,,20.3,"1,679,172",3.5,8.6
Greece,GR,7.61,Europe,12.04,4.4,"5,948","6,043","5,853","2,119","1,703","0,980","0,774","0,249","0,015","0,108",45.3,"10,533,871",-0.34,17.3
Grenada,GD,13.94,Central America and the Caribbean,8.31,3.6,,,,,,,,,,,33.3,"113,949",0.32,24.0
Greenland,GL,13.79,North America,8.96,10.2,,,,,,,,,,,34.3,"57,792",-0.02,9.1
Guatemala,GT,22.34,Central America and the Caribbean,4.91,3.1,,,,,,,,,,,23.2,"17,703,190",1.58,2.3
French Guiana,GF,,,,,,,,,,,,,,,,,,
Guam,GU,18.56,Australia and Oceania,6.03,,,,,,,,,,,,29.4,"169,086",0.16,4.5
Guyana,GY,16.72,South America,6.91,4.5,,,,,,,,,,,27.5,"789,683",0.24,11.1
Hong Kong,HK,8.04,East and Southeast Asia,7.98,4.0,,,,,,,,,,,45.6,"7,276,588",0.17,2.93
Heard Island and McDonald Islands,HM,,,,,,,,,,,,,,,,,,
Honduras,HN,17.92,Central America and the Caribbean,4.68,6.4,"6,022","6,189","5,855","2,611","1,111","0,885","0,555","0,582","0,202","0,076",24.4,"9,459,440",1.19,5.6
Croatia,HR,8.65,Europe,12.88,5.5,"6,125","6,229","6,022","1,884","1,705","1,183","0,709","0,535","0,109","0,000",43.9,"4,188,853",-0.47,8.07
Haiti,HT,21.12,Central America and the Caribbean,7.23,1.4,,,,,,,,,,,24.1,"11,334,637",1.2,40.6
Hungary,HU,8.65,Europe,12.88,4.8,"6,086","6,187","5,985","1,812","1,748","1,233","0,668","0,485","0,078","0,064",43.6,"9,699,577",-0.3,3.45
Indonesia,ID,15.32,East and Southeast Asia,6.75,3.5,"5,240","5,341","5,139","1,300","1,382","0,883","0,539","0,620","0,468","0,047",31.1,"277,329,163",0.79,5.31
Isle of Man,IM,10.58,Europe,10.18,,,,,,,,,,,,44.6,"91,382",0.52,1.1
India,IN,16.82,South Asia,10.3,4.5,"3,777","3,828","3,726","0,795","1,167","0,376","0,471","0,647","0,198","0,123",28.7,"1,389,637,446",0.67,8.5
British Indian Ocean Territory,IO,,,,,,,,,,,,,,,,,,
Ireland,IE,12.32,Europe,6.73,3.1,"7,041","7,121","6,961","1,743","2,129","1,166","0,779","0,627","0,190","0,408",37.8,"5,275,004",0.94,4.98
"Iran, Islamic Republic of",IR,,,,,,,,,,,,,,,,,,
Iraq,IQ,24.7,Middle East,3.9,4.7,"4,941","5,099","4,783","1,894","1,289","0,682","0,554","0,328","0,147","0,046",21.2,"40,462,701",2.0,16.0
Iceland,IS,12.96,Europe,6.56,7.7,"7,557","7,651","7,464","2,320","1,936","1,320","0,803","0,718","0,270","0,191",37.1,"357,603",0.93,3.62
Israel,IL,17.41,Middle East,5.05,7.1,"7,364","7,426","7,301","2,634","1,826","1,221","0,818","0,568","0,155","0,143",30.4,"8,914,885",1.44,4.4
Italy,IT,6.95,Europe,11.31,4.3,"6,467","6,570","6,363","2,222","1,834","1,052","0,801","0,412","0,085","0,059",46.5,"61,095,551",-0.13,9.88
Jamaica,JM,15.91,Central America and the Caribbean,7.43,6.0,"5,850","6,023","5,676","2,164","1,296","1,045","0,646","0,567","0,080","0,053",29.4,"2,818,596",0.08,7.72
Jersey,JE,12.41,Europe,7.75,,,,,,,,,,,,37.5,"102,146",0.64,4.0
Jordan,JO,22.58,Middle East,3.45,3.2,"4,152","4,276","4,029","0,695","1,324","0,724","0,675","0,476","0,058","0,200",23.5,"10,998,531",0.81,19.1
Japan,JP,6.95,East and Southeast Asia,11.59,3.4,"6,039","6,119","5,959","1,487","1,835","1,089","0,866","0,537","0,007","0,218",48.6,"124,214,766",-0.39,2.36
Kazakhstan,KZ,15.38,Central Asia,8.11,4.5,"6,234","6,330","6,138","1,860","1,668","1,220","0,611","0,584","0,134","0,157",31.6,"19,398,331",0.77,4.8
Kenya,KE,26.39,Africa,5.01,4.8,"4,543","4,683","4,403","1,661","1,032","0,605","0,401","0,440","0,322","0,082",20.0,"55,864,655",2.12,40.0
Kyrgyzstan,KG,19.54,Central Asia,6.12,6.2,"5,828","5,916","5,741","2,087","1,069","1,109","0,638","0,693","0,208","0,025",27.3,"6,071,750",0.86,3.18
Cambodia,KH,19.29,East and Southeast Asia,5.76,3.1,"4,640","4,765","4,516","1,410","1,019","0,732","0,505","0,740","0,166","0,068",26.4,"16,713,015",1.08,0.3
Kiribati,KI,20.12,Australia and Oceania,6.92,12.4,,,,,,,,,,,25.7,"114,189",1.04,30.6
Saint Kitts and Nevis,KN,12.24,Central America and the Caribbean,7.27,2.5,,,,,,,,,,,36.5,"54,488",0.61,4.5
"Korea, Republic of",KR,,,,,,,,,,,,,,,,,,
Kuwait,KW,17.78,Middle East,2.25,6.6,,,,,,,,,,,29.7,"3,068,155",1.17,1.1
Lao People's Democratic Republic,LA,,,,,,,,,,,,,,,,,,
Lebanon,LB,13.1,Middle East,5.57,1.7,"2,955","3,049","2,862","0,216","1,392","0,498","0,631","0,103","0,082","0,034",33.7,"5,296,814",0.66,9.7
Liberia,LR,36.64,Africa,6.62,2.7,,,,,,,,,,,18.0,"5,358,483",2.73,2.8
Libya,LY,21.56,Africa,3.45,,,,,,,,,,,,25.8,"7,137,931",1.65,30.0
Saint Lucia,LC,12.02,Central America and the Caribbean,8.07,3.6,,,,,,,,,,,36.9,"167,122",0.29,20.0
Liechtenstein,LI,10.32,Europe,7.98,2.6,,,,,,,,,,,43.7,"39,711",0.72,2.4
Sri Lanka,LK,13.8,South Asia,6.49,1.9,"4,362","4,487","4,237","0,595","1,415","0,934","0,660","0,529","0,150","0,079",33.7,"23,187,516",0.61,4.83
Lesotho,LS,23.15,Africa,11.05,8.7,,,,,,,,,,,24.7,"2,193,970",0.76,28.1
Lithuania,LT,9.26,Europe,15.12,4.0,"6,446","6,535","6,356","2,153","1,804","1,204","0,659","0,496","0,053","0,077",44.5,"2,683,546",-1.04,8.4
Luxembourg,LU,11.61,Europe,7.21,5.0,,,,,,,,,,,39.5,"650,364",1.64,5.36
Latvia,LV,8.73,Europe,14.65,6.0,"6,180","6,255","6,106","1,923","1,732","1,221","0,637","0,502","0,075","0,090",44.4,"1,842,226",-1.11,6.14
Macao,MO,,,,,,,,,,,,,,,,,,
Saint Martin (French part),MF,,,,,,,,,,,,,,,,,,
Morocco,MA,17.42,Africa,6.6,6.8,"5,060","5,181","4,938","2,405","1,208","0,268","0,565","0,492","0,020","0,102",29.1,"36,738,229",0.91,9.23
Monaco,MC,6.66,Europe,10.7,1.2,,,,,,,,,,,55.4,"31,400",0.6,2.0
"Moldova, Republic of",MD,,,,,,,,,,,,,,,,,,
Madagascar,MG,28.68,Africa,6.0,3.1,,,,,,,,,,,20.3,"28,172,462",2.27,1.8
Maldives,MV,15.54,South Asia,4.15,5.8,,,,,,,,,,,29.5,"390,164",-0.14,2.9
Mexico,MX,13.55,North America,7.71,4.3,"6,128","6,238","6,017","2,239","1,552","0,886","0,623","0,621","0,092","0,115",29.3,"129,150,971",0.51,3.49
Marshall Islands,MH,22.0,Australia and Oceania,4.28,13.6,,,,,,,,,,,23.8,"79,906",1.34,36.0
North Macedonia,MK,10.45,Europe,9.61,,"5,199","5,303","5,095","1,461","1,505","0,863","0,637","0,488","0,215","0,031",39.0,"2,130,936",0.12,17.29
Mali,ML,41.07,Africa,8.53,4.4,"4,479","4,611","4,347","2,373","0,792","0,483","0,311","0,350","0,128","0,042",16.0,"20,741,769",2.95,7.9
Malta,MT,9.73,Europe,8.48,5.9,"6,447","6,535","6,359","1,631","1,838","1,169","0,789","0,679","0,174","0,166",42.3,"464,186",0.67,0.78
Myanmar,MM,,,,,"4,394","4,511","4,277","0,877","1,038","0,829","0,491","0,513","0,452","0,194",,,,
Montenegro,ME,11.19,Europe,10.33,,"5,547","5,681","5,413","1,619","1,573","1,023","0,659","0,460","0,135","0,077",39.6,"604,966",-0.41,15.82
Mongolia,MN,15.84,East and Southeast Asia,6.3,4.7,"5,761","5,845","5,676","1,999","1,393","1,197","0,467","0,398","0,247","0,059",29.8,"3,227,863",0.88,8.0
Northern Mariana Islands,MP,15.5,Australia and Oceania,5.44,,,,,,,,,,,,32.8,"51,475",-0.35,11.2
Mozambique,MZ,37.47,Africa,10.25,6.3,"5,048","5,273","4,823","2,641","0,578","0,660","0,191","0,593","0,185","0,200",17.0,"31,693,239",2.56,24.5
Mauritania,MR,28.06,Africa,7.43,1.9,,,,,,,,,,,21.0,"4,161,925",1.99,10.2
Montserrat,MS,10.9,Central America and the Caribbean,5.91,5.4,,,,,,,,,,,34.8,"5,414",0.5,5.6
Martinique,MQ,,,,,,,,,,,,,,,,,,
Mauritius,MU,9.86,Africa,8.86,4.9,"6,071","6,184","5,958","1,969","1,591","1,116","0,568","0,589","0,131","0,107",36.3,"1,308,222",0.1,6.65
Malawi,MW,27.94,Africa,4.58,2.9,"3,750","3,941","3,560","1,661","0,648","0,279","0,388","0,477","0,140","0,157",16.8,"20,794,353",2.34,20.4
Malaysia,MY,14.55,East and Southeast Asia,5.69,3.9,"5,711","5,845","5,578","1,471","1,689","0,938","0,620","0,654","0,213","0,126",29.2,"33,871,431",1.03,3.3
Mayotte,YT,,,,,,,,,,,,,,,,,,
Namibia,NA,,,,,,,,,,,,,,,,,,
New Caledonia,NC,14.13,Australia and Oceania,5.88,,,,,,,,,,,,32.9,"297,160",1.19,14.7
Niger,NE,47.08,Africa,9.87,3.8,,,,,,,,,,,14.8,"24,484,587",3.66,0.3
Norfolk Island,NF,,,,,,,,,,,,,,,,"1,748",0.01,
Nigeria,NG,34.19,Africa,8.7,0.5,"4,552","4,651","4,453","1,784","1,079","0,732","0,300","0,444","0,175","0,038",18.6,"225,082,083",2.53,16.5
Nicaragua,NI,16.52,Central America and the Caribbean,5.17,4.6,"6,165","6,312","6,017","2,418","1,105","1,029","0,617","0,617","0,168","0,212",27.3,"6,301,880",0.92,6.4
Niue,NU,,,,,,,,,,,,,,,,"2,000",-0.03,12.0
Netherlands,NL,10.99,Europe,9.24,5.3,"7,415","7,471","7,359","2,137","1,945","1,206","0,787","0,651","0,271","0,419",42.8,"17,400,824",0.36,3.41
Norway,NO,12.0,Europe,7.96,5.9,"7,365","7,440","7,290","1,925","1,997","1,239","0,786","0,728","0,217","0,474",39.5,"5,553,840",0.8,3.72
Nepal,NP,17.53,South Asia,5.58,4.2,"5,377","5,502","5,251","2,224","0,984","0,784","0,499","0,519","0,237","0,130",25.3,"30,666,598",0.78,3.0
Nauru,NR,21.1,Australia and Oceania,6.32,7.1,,,,,,,,,,,27.0,"9,811",0.42,23.0
New Zealand,NZ,12.78,Australia and Oceania,6.89,6.0,"7,200","7,279","7,120","1,954","1,852","1,235","0,752","0,680","0,245","0,483",37.2,"5,053,004",1.17,4.13
Oman,OM,22.11,Middle East,3.23,5.4,,,,,,,,,,,26.2,"3,764,348",1.84,
Pakistan,PK,26.48,South Asia,6.02,2.4,"4,516","4,634","4,397","1,940","1,049","0,413","0,374","0,448","0,181","0,112",22.0,"242,923,845",1.95,6.0
Panama,PA,17.99,Central America and the Caribbean,6.11,3.9,"6,309","6,464","6,154","2,086","1,715","1,107","0,709","0,592","0,049","0,051",30.1,"4,337,768",1.53,6.14
Pitcairn,PN,,,,,,,,,,,,,,,,,,
Peru,PE,17.21,South America,11.32,4.0,"5,559","5,679","5,439","1,890","1,397","0,865","0,735","0,545","0,090","0,037",29.1,"32,275,736",0.51,6.58
Philippines,PH,22.28,East and Southeast Asia,6.41,3.7,"5,904","6,007","5,800","2,283","1,268","0,912","0,514","0,678","0,107","0,142",24.1,"114,597,229",1.6,5.11
Palau,PW,11.52,Australia and Oceania,8.25,6.8,,,,,,,,,,,33.9,"21,695",0.39,1.7
Papua New Guinea,PG,29.03,East and Southeast Asia,5.54,1.4,,,,,,,,,,,24.0,"9,593,498",2.35,2.5
Poland,PL,8.5,Europe,10.71,5.2,"6,123","6,205","6,040","1,693","1,758","1,174","0,712","0,523","0,124","0,140",41.9,"38,093,101",-0.26,5.43
Puerto Rico,PR,7.87,Central America and the Caribbean,9.76,3.6,,,,,,,,,,,43.6,"3,098,423",-1.38,10.8
"Korea, Democratic People's Republic of",KP,,,,,,,,,,,,,,,,,,
Portugal,PT,8.0,Europe,10.9,5.0,"6,016","6,122","5,911","1,691","1,760","1,078","0,777","0,655","0,016","0,039",44.6,"10,242,081",-0.2,6.55
Paraguay,PY,16.32,South America,4.87,3.3,"5,578","5,689","5,467","1,555","1,409","1,130","0,624","0,629","0,171","0,059",29.7,"7,356,409",1.14,5.7
"Palestine, State of",PS,,,,,,,,,,,,,,,,,,
French Polynesia,PF,13.47,Australia and Oceania,5.59,,,,,,,,,,,,33.3,"299,356",0.73,21.8
Qatar,QA,9.33,Middle East,1.42,3.2,,,,,,,,,,,33.7,"2,508,182",1.04,8.9
Réunion,RE,,,,,,,,,,,,,,,,,,
Romania,RO,8.76,Europe,15.26,3.7,"6,477","6,575","6,379","2,446","1,719","1,006","0,655","0,605","0,039","0,006",42.5,"18,519,899",-1.09,3.06
Russian Federation,RU,,,,,,,,,,,,,,,,,,
Rwanda,RW,26.44,Africa,5.86,3.8,,,,,,,,,,,19.7,"13,173,730",1.74,2.7
Saudi Arabia,SA,14.22,Middle East,3.42,7.8,"6,523","6,637","6,409","2,075","1,870","1,092","0,577","0,651","0,078","0,180",30.8,"35,354,380",1.63,6.0
Sudan,SD,33.47,Africa,6.3,,,,,,,,,,,,18.3,"47,958,856",2.55,19.6
Senegal,SN,31.51,Africa,5.08,5.5,"5,046","5,171","4,921","2,419","0,933","0,530","0,447","0,494","0,143","0,081",19.4,"17,923,036",2.57,48.0
Singapore,SG,9.05,East and Southeast Asia,4.04,2.8,"6,480","6,569","6,392","0,932","2,149","1,127","0,851","0,672","0,163","0,587",35.6,"5,921,231",0.92,2.25
South Georgia and the South Sandwich Islands,GS,,,,,,,,,,,,,,,,,,
"Saint Helena, Ascension and Tristan da Cunha",SH,,,,,,,,,,,,,,,,,,
Svalbard and Jan Mayen,SJ,,,,,,,,,,,,,,,,,,
Solomon Islands,SB,22.71,Australia and Oceania,3.96,12.8,,,,,,,,,,,23.5,"702,694",1.72,
Sierra Leone,SL,32.2,Africa,9.32,9.1,"3,574","3,732","3,416","1,556","0,686","0,416","0,273","0,387","0,202","0,055",19.1,"8,692,606",2.49,15.0
El Salvador,SV,17.87,Central America and the Caribbean,5.91,4.1,"6,120","6,250","5,990","2,514","1,265","0,768","0,607","0,666","0,089","0,212",27.7,"6,568,745",0.57,7.0
San Marino,SM,8.85,Europe,8.82,3.4,,,,,,,,,,,45.2,"34,682",0.61,8.1
Somalia,SO,37.98,Africa,11.62,0.3,,,,,,,,,,,18.5,"12,386,248",2.42,
Saint Pierre and Miquelon,PM,6.47,North America,11.22,,,,,,,,,,,,48.5,"5,257",-1.2,8.7
Serbia,RS,8.92,Europe,16.39,3.6,"6,178","6,294","6,062","2,031","1,550","1,086","0,658","0,546","0,219","0,088",43.4,"6,739,471",-0.75,14.1
South Sudan,SS,37.69,Africa,9.52,1.5,,,,,,,,,,,18.6,"11,544,905",4.91,
Sao Tome and Principe,ST,28.19,Africa,6.2,5.0,,,,,,,,,,,19.3,"217,164",1.48,12.2
Suriname,SR,15.38,South America,6.59,5.0,,,,,,,,,,,31.0,"632,638",1.13,8.9
Slovakia,SK,8.94,Europe,10.13,4.6,"6,391","6,475","6,306","2,094","1,736","1,232","0,707","0,479","0,118","0,025",41.8,"5,431,252",-0.1,5.0
Slovenia,SI,8.3,Europe,10.4,5.8,"6,630","6,718","6,542","1,885","1,810","1,249","0,769","0,685","0,118","0,115",44.9,"2,101,208",-0.06,7.64
Sweden,SE,10.83,Europe,9.46,7.2,"7,384","7,454","7,315","2,003","1,920","1,204","0,803","0,724","0,218","0,512",41.1,"10,483,647",0.5,6.78
Eswatini,SZ,23.35,Africa,9.71,5.0,,,,,,,,,,,23.7,"1,121,761",0.75,28.0
Sint Maarten (Dutch part),SX,,,,,,,,,,,,,,,,,,
Seychelles,SC,12.37,Africa,6.88,5.2,,,,,,,,,,,36.8,"97,017",0.64,3.0
Syrian Arab Republic,SY,,,,,,,,,,,,,,,,,,
Turks and Caicos Islands,TC,13.54,Central America and the Caribbean,3.5,4.5,,,,,,,,,,,34.6,"58,286",1.86,10.0
Chad,TD,40.45,Africa,9.45,2.9,,,,,,,,,,,16.1,"17,963,211",3.09,
Togo,TG,31.86,Africa,5.27,4.0,"4,112","4,272","3,953","2,061","0,771","0,322","0,360","0,292","0,174","0,132",20.0,"8,492,333",2.48,6.9
Thailand,TH,10.14,East and Southeast Asia,7.76,3.2,"5,891","5,994","5,788","1,600","1,535","1,096","0,697","0,617","0,321","0,026",39.0,"69,648,117",0.23,0.99
Tajikistan,TJ,20.73,Central Asia,5.72,5.9,"5,377","5,468","5,287","1,895","0,966","1,005","0,518","0,572","0,118","0,304",25.3,"9,119,347",1.4,2.4
Tokelau,TK,,,,,,,,,,,,,,,,"1,647",-0.01,2.0
Turkmenistan,TM,17.51,Central Asia,5.95,3.1,,,,,,,,,,,29.2,"5,636,011",0.99,11.0
Timor-Leste,TL,30.94,East and Southeast Asia,5.61,4.2,,,,,,,,,,,19.6,"1,445,006",2.15,4.4
Tonga,TO,20.31,Australia and Oceania,4.95,6.6,,,,,,,,,,,24.1,"105,517",-0.26,1.1
Trinidad and Tobago,TT,10.79,Central America and the Caribbean,8.38,4.1,,,,,,,,,,,37.8,"1,405,646",0.14,4.9
Tunisia,TN,14.62,Africa,6.36,7.3,"4,516","4,629","4,403","1,540","1,350","0,596","0,656","0,316","0,029","0,029",32.7,"11,896,972",0.69,15.5
Turkey,TR,,,,,"4,744","4,845","4,644","1,059","1,707","0,865","0,702","0,209","0,087","0,115",,,,
Tuvalu,TV,22.7,Australia and Oceania,7.97,,,,,,,,,,,,26.6,"11,544",0.83,
"Taiwan, Province of China",TW,,,,,,,,,,,,,,,,,,
"Tanzania, United Republic of",TZ,,,,,,,,,,,,,,,,,,
Uganda,UG,40.94,Africa,5.02,2.7,"4,603","4,747","4,459","1,842","0,777","0,875","0,418","0,402","0,222","0,066",15.7,"46,205,893",3.27,9.4
Ukraine,UA,9.0,Europe,13.77,5.4,"5,084","5,190","4,978","1,331","1,411","1,081","0,583","0,473","0,188","0,017",41.2,"43,528,136",-0.5,8.89
United States Minor Outlying Islands,UM,,,,,,,,,,,,,,,,,,
Uruguay,UY,12.71,South America,9.18,4.6,"6,474","6,562","6,386","1,974","1,615","1,180","0,672","0,665","0,103","0,265",35.5,"3,407,213",0.27,7.6
United States,US,12.28,North America,8.38,6.1,"6,977","7,065","6,888","2,214","1,982","1,182","0,628","0,574","0,220","0,177",38.5,"337,341,954",0.69,3.89
Uzbekistan,UZ,15.53,Central Asia,5.41,4.9,"6,063","6,178","5,948","1,913","1,219","1,092","0,600","0,716","0,283","0,240",30.1,"31,104,937",0.83,5.0
Holy See (Vatican City State),VA,,,,,,,,,,,,,,,,,,
Saint Vincent and the Grenadines,VC,12.27,Central America and the Caribbean,7.49,5.7,,,,,,,,,,,35.3,"100,969",-0.17,18.8
"Venezuela, Bolivarian Republic of",VE,,,,,,,,,,,,,,,,,,
"Virgin Islands, British",VG,,,,,,,,,,,,,,,,,,
"Virgin Islands, U.S.",VI,,,,,,,,,,,,,,,,,,
Viet Nam,VN,,,,,,,,,,,,,,,,,,
Vanuatu,VU,21.57,Australia and Oceania,3.98,2.2,,,,,,,,,,,23.0,"308,043",1.63,1.7
Wallis and Futuna,WF,12.27,Australia and Oceania,5.79,,,,,,,,,,,,34.0,"15,891",0.25,8.8
Samoa,WS,19.21,Australia and Oceania,5.37,4.8,,,,,,,,,,,25.6,"206,179",0.63,5.2
Yemen,YE,24.64,Middle East,5.62,,,,,,,,,,,,19.8,"30,984,689",1.88,27.0
South Africa,ZA,18.56,Africa,9.26,6.6,"5,194","5,315","5,073","1,742","1,425","1,088","0,361","0,442","0,089","0,046",28.0,"57,516,665",0.93,28.53
Zambia,ZM,34.86,Africa,6.12,3.7,"3,760","3,902","3,618","1,135","0,930","0,577","0,306","0,525","0,203","0,083",16.9,"19,642,123",2.9,15.0
Zimbabwe,ZW,33.07,Africa,8.76,3.9,"2,995","3,110","2,880","0,548","0,947","0,690","0,270","0,329","0,106","0,105",20.5,"15,121,004",1.95,11.3
